{
    "mean_bleu_1": 0.2324753856690064,
    "mean_bleu_4": 0.15625210685610297,
    "mean_rouge_l": 0.2705263157894737,
    "num_evaluated_cases": 10
}