{
    "mean_bleu_1": 0.2944820135315261,
    "mean_bleu_4": 0.21842727415528979,
    "mean_rouge_l": 0.2845849802371541,
    "num_evaluated_cases": 4,
    "per_case_bleu_1": [
        0.0909090909090909,
        0.16601831205132045,
        0.8300915602566021,
        0.0909090909090909
    ],
    "per_case_bleu_4": [
        0.018850319022747353,
        0.0204689180374571,
        0.8155395405382073,
        0.018850319022747353
    ],
    "per_case_rouge_l": [
        0.09090909090909091,
        0.08695652173913043,
        0.8695652173913043,
        0.09090909090909091
    ]
}